id;title;price;moteur
1;Legacy Solomon Islands Dollar Credit Card Account;78484;Games
2;Principal Orchestrator;45461;RAM transmitting
3;revolutionary Mount;59692;USB Checking Account
4;HDD;20028;Developer synergize bandwidth
5;revolutionary Home Loan Account;96011;overriding Granite Berkshire
6;static;58311;Ireland Electronics Intelligent
7;AGP Qatari Rial;76199;Interactions quantify Streets
8;synthesize Outdoors;7175;Functionality
9;monitoring;79731;application
10;Dynamic neural-net PCI;40044;silver
